signal,parameter,value
flux:DIA_00,PHIEDGE,-2.4968008683897779e-02
flux:DIA_01,PHIEDGE,-1.8406585583733349e-02
flux:DIA_02,PHIEDGE,-2.4968008675264396e-02
flux:DIA_03,PHIEDGE,-1.8406585570783274e-02
flux:DIA_04,PHIEDGE,-2.4968008692531164e-02
flux:DIA_05,PHIEDGE,-1.8406585568624928e-02
flux:TOR_00,PHIEDGE,1.8289351798570413e-02
flux:TOR_01,PHIEDGE,5.7943380961235705e-02
flux:TOR_02,PHIEDGE,7.6249407904471253e-02
flux:TOR_03,PHIEDGE,5.7943380972027440e-02
flux:TOR_04,PHIEDGE,1.8289351797491242e-02
flux:SAD_00_00,PHIEDGE,7.9474172887817433e-03
flux:SAD_00_01,PHIEDGE,3.0758234685891415e-03
flux:SAD_00_02,PHIEDGE,-1.6137756419365870e-03
flux:SAD_00_03,PHIEDGE,-4.6329373317607831e-03
flux:SAD_01_00,PHIEDGE,3.0743769418866327e-03
flux:SAD_01_01,PHIEDGE,3.7984852276730860e-03
flux:SAD_01_02,PHIEDGE,-1.4673282287186395e-03
flux:SAD_01_03,PHIEDGE,-9.6383684030732601e-03
flux:SAD_02_00,PHIEDGE,7.9474172867245695e-03
flux:SAD_02_01,PHIEDGE,3.0758234727709371e-03
flux:SAD_02_02,PHIEDGE,-1.6137756322914779e-03
flux:SAD_02_03,PHIEDGE,-4.6329373281185733e-03
flux:SAD_03_00,PHIEDGE,3.0743769400318043e-03
flux:SAD_03_01,PHIEDGE,3.7984852275381891e-03
flux:SAD_03_02,PHIEDGE,-1.4673282301350540e-03
flux:SAD_03_03,PHIEDGE,-9.6383683992287052e-03
flux:SAD_04_00,PHIEDGE,7.9474172890852610e-03
flux:SAD_04_01,PHIEDGE,3.0758234704776942e-03
flux:SAD_04_02,PHIEDGE,-1.6137756391712062e-03
flux:SAD_04_03,PHIEDGE,-4.6329373292651951e-03
flux:SAD_05_00,PHIEDGE,3.0743769374013200e-03
flux:SAD_05_01,PHIEDGE,3.7984852238959802e-03
flux:SAD_05_02,PHIEDGE,-1.4673282196805651e-03
flux:SAD_05_03,PHIEDGE,-9.6383684007800164e-03
seg:SEG_00_00,PHIEDGE,-2.0346677231356535e-07
seg:SEG_00_01,PHIEDGE,2.1898411316378482e-07
seg:SEG_00_02,PHIEDGE,2.2179479260022371e-07
seg:SEG_00_03,PHIEDGE,-2.6349866629405689e-07
seg:SEG_01_00,PHIEDGE,-2.4099610795822292e-07
seg:SEG_01_01,PHIEDGE,1.0408725793741956e-07
seg:SEG_01_02,PHIEDGE,2.9538246124311542e-07
seg:SEG_01_03,PHIEDGE,-1.7875930206252938e-07
seg:SEG_02_00,PHIEDGE,-2.0346677235473253e-07
seg:SEG_02_01,PHIEDGE,2.1898411313908449e-07
seg:SEG_02_02,PHIEDGE,2.2179479276489245e-07
seg:SEG_02_03,PHIEDGE,-2.6349866628994015e-07
seg:SEG_03_00,PHIEDGE,-2.4099610790470558e-07
seg:SEG_03_01,PHIEDGE,1.0408725791271924e-07
seg:SEG_03_02,PHIEDGE,2.9538246115254759e-07
seg:SEG_03_03,PHIEDGE,-1.7875930208311297e-07
seg:SEG_04_00,PHIEDGE,-2.0346677236296598e-07
seg:SEG_04_01,PHIEDGE,2.1898411302381638e-07
seg:SEG_04_02,PHIEDGE,2.2179479270725840e-07
seg:SEG_04_03,PHIEDGE,-2.6349866630229031e-07
seg:SEG_05_00,PHIEDGE,-2.4099610792940591e-07
seg:SEG_05_01,PHIEDGE,1.0408725803622080e-07
seg:SEG_05_02,PHIEDGE,2.9538246120194824e-07
seg:SEG_05_03,PHIEDGE,-1.7875930210369656e-07
seg:AMPERE,PHIEDGE,4.6485798118516337e-10
probe:PROBE_0001,PHIEDGE,-5.8307490817796028e-06
probe:PROBE_0002,PHIEDGE,-1.9851657965443407e-06
probe:PROBE_0003,PHIEDGE,3.7374131890670548e-06
probe:PROBE_0004,PHIEDGE,-2.4952777085057215e-06
probe:PROBE_0005,PHIEDGE,5.1835049390227181e-06
probe:PROBE_0006,PHIEDGE,-5.6161112198641765e-06
probe:PROBE_0007,PHIEDGE,3.9764114623538880e-07
probe:PROBE_0008,PHIEDGE,-4.5974706687388316e-06
probe:PROBE_0009,PHIEDGE,-3.7707547825019812e-07
probe:PROBE_0010,PHIEDGE,-7.7962372504625056e-06
probe:PROBE_0011,PHIEDGE,4.0916212457141341e-06
probe:PROBE_0012,PHIEDGE,-7.8151796971126474e-06
probe:PROBE_0013,PHIEDGE,-4.3957621199204545e-07
probe:PROBE_0014,PHIEDGE,4.6905112326245533e-06
probe:PROBE_0015,PHIEDGE,1.5819439746926922e-06
probe:PROBE_0016,PHIEDGE,4.6901019611825907e-06
probe:PROBE_0017,PHIEDGE,4.2609159233908138e-06
probe:PROBE_0018,PHIEDGE,-4.0803052556328402e-06
probe:PROBE_0019,PHIEDGE,-5.1593565037119342e-08
probe:PROBE_0020,PHIEDGE,-5.2553055811953200e-06
flux:DIA_00,CURTOR,6.5651005664800428e-08
flux:DIA_01,CURTOR,3.3744672122738446e-08
flux:DIA_02,CURTOR,6.5651005709400498e-08
flux:DIA_03,CURTOR,3.3744672154595639e-08
flux:DIA_04,CURTOR,6.5651005690286180e-08
flux:DIA_05,CURTOR,3.3744672129109887e-08
flux:TOR_00,CURTOR,1.3791048312266555e-06
flux:TOR_01,CURTOR,1.8351939709579860e-06
flux:TOR_02,CURTOR,1.9916002850848386e-06
flux:TOR_03,CURTOR,1.8351939709516146e-06
flux:TOR_04,CURTOR,1.3791048312139126e-06
flux:SAD_00_00,CURTOR,4.8519495881870971e-08
flux:SAD_00_01,CURTOR,1.1171917325867905e-07
flux:SAD_00_02,CURTOR,-9.0902115820685957e-08
flux:SAD_00_03,CURTOR,-8.8038344420091907e-08
flux:SAD_01_00,CURTOR,5.9739380892680127e-08
flux:SAD_01_01,CURTOR,1.1583828667325665e-07
flux:SAD_01_02,CURTOR,-8.3880050096877213e-08
flux:SAD_01_03,CURTOR,-7.0931930531260335e-08
flux:SAD_02_00,CURTOR,4.8519495874902212e-08
flux:SAD_02_01,CURTOR,1.1171917326007280e-07
flux:SAD_02_02,CURTOR,-9.0902115841990463e-08
flux:SAD_02_03,CURTOR,-8.8038344424074061e-08
flux:SAD_03_00,CURTOR,5.9739380917668115e-08
flux:SAD_03_01,CURTOR,1.1583828666230574e-07
flux:SAD_03_02,CURTOR,-8.3880050103447767e-08
flux:SAD_03_03,CURTOR,-7.0931930535640700e-08
flux:SAD_04_00,CURTOR,4.8519495883662935e-08
flux:SAD_04_01,CURTOR,1.1171917324593616e-07
flux:SAD_04_02,CURTOR,-9.0902115836415451e-08
flux:SAD_04_03,CURTOR,-8.8038344431640143e-08
flux:SAD_05_00,CURTOR,5.9739380924636867e-08
flux:SAD_05_01,CURTOR,1.1583828666748253e-07
flux:SAD_05_02,CURTOR,-8.3880050099863825e-08
flux:SAD_05_03,CURTOR,-7.0931930534645158e-08
seg:SEG_00_00,CURTOR,-5.1180191304545755e-12
seg:SEG_00_01,CURTOR,-1.7715821892495045e-11
seg:SEG_00_02,CURTOR,-1.9777190935200547e-11
seg:SEG_00_03,CURTOR,-6.9982008047628457e-12
seg:SEG_01_00,CURTOR,-5.7508041608179473e-12
seg:SEG_01_01,CURTOR,-1.6415158659903063e-11
seg:SEG_01_02,CURTOR,-2.1047978630120131e-11
seg:SEG_01_03,CURTOR,-6.1933599180793830e-12
seg:SEG_02_00,CURTOR,-5.1180191305031853e-12
seg:SEG_02_01,CURTOR,-1.7715821892883927e-11
seg:SEG_02_02,CURTOR,-1.9777190935686651e-11
seg:SEG_02_03,CURTOR,-6.9982008046899310e-12
seg:SEG_03_00,CURTOR,-5.7508041607814899e-12
seg:SEG_03_01,CURTOR,-1.6415158659732929e-11
seg:SEG_03_02,CURTOR,-2.1047978630217354e-11
seg:SEG_03_03,CURTOR,-6.1933599181158404e-12
seg:SEG_04_00,CURTOR,-5.1180191304181174e-12
seg:SEG_04_01,CURTOR,-1.7715821892592265e-11
seg:SEG_04_02,CURTOR,-1.9777190935297770e-11
seg:SEG_04_03,CURTOR,-6.9982008048357611e-12
seg:SEG_05_00,CURTOR,-5.7508041607450326e-12
seg:SEG_05_01,CURTOR,-1.6415158659684316e-11
seg:SEG_05_02,CURTOR,-2.1047978630193049e-11
seg:SEG_05_03,CURTOR,-6.1933599180186200e-12
seg:AMPERE,CURTOR,-4.3394287027116082e-12
probe:PROBE_0001,CURTOR,4.2997738126371930e-10
probe:PROBE_0002,CURTOR,-1.4950448122405797e-11
probe:PROBE_0003,CURTOR,5.8007995239116804e-11
probe:PROBE_0004,CURTOR,-9.1772414601986133e-12
probe:PROBE_0005,CURTOR,2.6951469895162800e-11
probe:PROBE_0006,CURTOR,2.0113741866600342e-10
probe:PROBE_0007,CURTOR,1.0742860019334039e-10
probe:PROBE_0008,CURTOR,-1.5412921197173400e-10
probe:PROBE_0009,CURTOR,2.3735729694000191e-11
probe:PROBE_0010,CURTOR,-1.2566654778463512e-10
probe:PROBE_0011,CURTOR,-1.8922422751440329e-10
probe:PROBE_0012,CURTOR,-7.7355080250654022e-11
probe:PROBE_0013,CURTOR,1.3856420768037240e-11
probe:PROBE_0014,CURTOR,8.6814257892888794e-11
probe:PROBE_0015,CURTOR,-3.2152015586832417e-10
probe:PROBE_0016,CURTOR,-3.4702115278412710e-10
probe:PROBE_0017,CURTOR,1.1258472758468456e-10
probe:PROBE_0018,CURTOR,1.9323000664368641e-11
probe:PROBE_0019,CURTOR,8.6717838009549039e-12
probe:PROBE_0020,CURTOR,-9.6438577863515120e-11
flux:DIA_00,PRES_SCALE,1.4321825703156321e-02
flux:DIA_01,PRES_SCALE,1.1071488982272726e-02
flux:DIA_02,PRES_SCALE,1.4321825703156321e-02
flux:DIA_03,PRES_SCALE,1.1071488985603395e-02
flux:DIA_04,PRES_SCALE,1.4321825702046098e-02
flux:DIA_05,PRES_SCALE,1.1071488977831834e-02
flux:TOR_00,PRES_SCALE,-1.3428590357467129e-02
flux:TOR_01,PRES_SCALE,-4.3676950352566912e-02
flux:TOR_02,PRES_SCALE,-5.6558069594370153e-02
flux:TOR_03,PRES_SCALE,-4.3676950357562916e-02
flux:TOR_04,PRES_SCALE,-1.3428590356912018e-02
flux:SAD_00_00,PRES_SCALE,-5.3998045904460334e-03
flux:SAD_00_01,PRES_SCALE,-2.1895381048520068e-03
flux:SAD_00_02,PRES_SCALE,1.1734469295213157e-03
flux:SAD_00_03,PRES_SCALE,4.1820239128284586e-03
flux:SAD_01_00,PRES_SCALE,-2.7483288859292410e-03
flux:SAD_01_01,PRES_SCALE,-2.6799213655170906e-03
flux:SAD_01_02,PRES_SCALE,9.6166244061696160e-04
flux:SAD_01_03,PRES_SCALE,6.7424171630581231e-03
flux:SAD_02_00,PRES_SCALE,-5.3998045883123236e-03
flux:SAD_02_01,PRES_SCALE,-2.1895381106806777e-03
flux:SAD_02_02,PRES_SCALE,1.1734469270927028e-03
flux:SAD_02_03,PRES_SCALE,4.1820239137652093e-03
flux:SAD_03_00,PRES_SCALE,-2.7483288871262002e-03
flux:SAD_03_01,PRES_SCALE,-2.6799213604863925e-03
flux:SAD_03_02,PRES_SCALE,9.6166244085982289e-04
flux:SAD_03_03,PRES_SCALE,6.7424171602478711e-03
flux:SAD_04_00,PRES_SCALE,-5.3998045885204904e-03
flux:SAD_04_01,PRES_SCALE,-2.1895381044356732e-03
flux:SAD_04_02,PRES_SCALE,1.1734469320887064e-03
flux:SAD_04_03,PRES_SCALE,4.1820239134182646e-03
flux:SAD_05_00,PRES_SCALE,-2.7483288865537414e-03
flux:SAD_05_01,PRES_SCALE,-2.6799213648925901e-03
flux:SAD_05_02,PRES_SCALE,9.6166243690465336e-04
flux:SAD_05_03,PRES_SCALE,6.7424171618785111e-03
seg:SEG_00_00,PRES_SCALE,1.5035717631523766e-07
seg:SEG_00_01,PRES_SCALE,-1.5837004421256483e-07
seg:SEG_00_02,PRES_SCALE,-1.6046077382785728e-07
seg:SEG_00_03,PRES_SCALE,1.6448728870106240e-07
seg:SEG_01_00,PRES_SCALE,1.8457427269607786e-07
seg:SEG_01_01,PRES_SCALE,-8.9212877994168443e-08
seg:SEG_01_02,PRES_SCALE,-2.2909104670813053e-07
seg:SEG_01_03,PRES_SCALE,1.3245924992672084e-07
seg:SEG_02_00,PRES_SCALE,1.5035717632794316e-07
seg:SEG_02_01,PRES_SCALE,-1.5837004416597802e-07
seg:SEG_02_02,PRES_SCALE,-1.6046077378550563e-07
seg:SEG_02_03,PRES_SCALE,1.6448728869894482e-07
seg:SEG_03_00,PRES_SCALE,1.8457427273842951e-07
seg:SEG_03_01,PRES_SCALE,-8.9212877985698114e-08
seg:SEG_03_02,PRES_SCALE,-2.2909104668695471e-07
seg:SEG_03_03,PRES_SCALE,1.3245924993095600e-07
seg:SEG_04_00,PRES_SCALE,1.5035717634911898e-07
seg:SEG_04_01,PRES_SCALE,-1.5837004412786154e-07
seg:SEG_04_02,PRES_SCALE,-1.6046077382785728e-07
seg:SEG_04_03,PRES_SCALE,1.6448728871376790e-07
seg:SEG_05_00,PRES_SCALE,1.8457427272572401e-07
seg:SEG_05_01,PRES_SCALE,-8.9212877989933278e-08
seg:SEG_05_02,PRES_SCALE,-2.2909104678436350e-07
seg:SEG_05_03,PRES_SCALE,1.3245924993942633e-07
seg:AMPERE,PRES_SCALE,1.9689374879583357e-10
probe:PROBE_0001,PRES_SCALE,4.3924485235028246e-06
probe:PROBE_0002,PRES_SCALE,1.1749213927988902e-06
probe:PROBE_0003,PRES_SCALE,-1.9888192478049256e-06
probe:PROBE_0004,PRES_SCALE,1.6659263117671847e-06
probe:PROBE_0005,PRES_SCALE,-3.5572041067410097e-06
probe:PROBE_0006,PRES_SCALE,4.2326322346786282e-06
probe:PROBE_0007,PRES_SCALE,-3.1659332649919400e-07
probe:PROBE_0008,PRES_SCALE,4.4840599048662439e-06
probe:PROBE_0009,PRES_SCALE,-3.9486374646359110e-07
probe:PROBE_0010,PRES_SCALE,5.6234220917184669e-06
probe:PROBE_0011,PRES_SCALE,-3.0536296692071146e-06
probe:PROBE_0012,PRES_SCALE,5.5015600574677284e-06
probe:PROBE_0013,PRES_SCALE,1.0602709630781130e-07
probe:PROBE_0014,PRES_SCALE,-3.2960732330755997e-06
probe:PROBE_0015,PRES_SCALE,-1.2144714865659680e-06
probe:PROBE_0016,PRES_SCALE,-3.5615135580963466e-06
probe:PROBE_0017,PRES_SCALE,-3.0990415783712852e-06
probe:PROBE_0018,PRES_SCALE,2.5604149005849749e-06
probe:PROBE_0019,PRES_SCALE,1.3954326298889034e-06
probe:PROBE_0020,PRES_SCALE,3.7037074037362034e-06
