seed,parameter,fitted,sigma,truth,pull
1,"PRES_SCALE",  9.8126499783269194E-01,  3.2723433866623637E-02,  1.0000000000000000E+00,-0.572526
1,"CURTOR", -1.7354841094428505E+05,  4.0725611593880313E+02, -1.7425000000000000E+05,1.722722
1,"AC(1)",  1.4038794680635200E+06,  4.7257491674700555E+04,  1.4360356000000001E+06,-0.680445
1,"PHIEDGE",  5.0791563920518845E-01,  1.8643079574958726E-02,  5.1438600000000001E-01,-0.347065
2,"PRES_SCALE",  1.0190303069404172E+00,  3.3233459820159565E-02,  1.0000000000000000E+00,0.572625
2,"CURTOR", -1.7425439479783660E+05,  4.0728784646042226E+02, -1.7425000000000000E+05,-0.010790
2,"AC(1)",  1.4730720325015769E+06,  6.0429883483917518E+04,  1.4360356000000001E+06,0.612883
2,"PHIEDGE",  5.2601578949524486E-01,  1.8834487930452608E-02,  5.1438600000000001E-01,0.617473
3,"PRES_SCALE",  1.0222668896344651E+00,  3.3312822489981707E-02,  1.0000000000000000E+00,0.668418
3,"CURTOR", -1.7393104164100796E+05,  4.0772399211915382E+02, -1.7425000000000000E+05,0.782290
3,"AC(1)",  1.3890750942713632E+06,  4.4572139130967087E+04,  1.4360356000000001E+06,-1.053584
3,"PHIEDGE",  5.2739140004598839E-01,  1.8870566901855401E-02,  5.1438600000000001E-01,0.689190
4,"PRES_SCALE",  9.5246234999418511E-01,  3.2370600629836120E-02,  1.0000000000000000E+00,-1.468544
4,"CURTOR", -1.7380431791708997E+05,  4.0697361857966121E+02, -1.7425000000000000E+05,1.095113
4,"AC(1)",  1.3661713507460977E+06,  4.0575765283139888E+04,  1.4360356000000001E+06,-1.721822
4,"PHIEDGE",  4.8967602302780860E-01,  1.8366984786721784E-02,  5.1438600000000001E-01,-1.345347
5,"PRES_SCALE",  1.0066671256256488E+00,  3.3184706552503170E-02,  1.0000000000000000E+00,0.200910
5,"CURTOR", -1.7455815359595008E+05,  4.0675897418755102E+02, -1.7425000000000000E+05,-0.757583
5,"AC(1)",  1.4863892244662023E+06,  6.3013092850230467E+04,  1.4360356000000001E+06,0.799098
5,"PHIEDGE",  5.1294852988941975E-01,  1.8591177065307319E-02,  5.1438600000000001E-01,-0.077320
6,"PRES_SCALE",  1.0196131970900415E+00,  3.3336327710559999E-02,  1.0000000000000000E+00,0.588343
6,"CURTOR", -1.7433607982542389E+05,  4.0746680019600359E+02, -1.7425000000000000E+05,-0.211256
6,"AC(1)",  1.4008964438841185E+06,  4.6543518202354557E+04,  1.4360356000000001E+06,-0.754974
6,"PHIEDGE",  5.2250847468056938E-01,  1.8768862475163170E-02,  5.1438600000000001E-01,0.432763
7,"PRES_SCALE",  9.8794635207558101E-01,  3.2807843674796174E-02,  1.0000000000000000E+00,-0.367401
7,"CURTOR", -1.7384624642530931E+05,  4.0696888933085359E+02, -1.7425000000000000E+05,0.992099
7,"AC(1)",  1.4685587474108024E+06,  5.9595287954412335E+04,  1.4360356000000001E+06,0.545734
7,"PHIEDGE",  5.1049605863748249E-01,  1.8647771902871996E-02,  5.1438600000000001E-01,-0.208601
8,"PRES_SCALE",  1.0377109267992524E+00,  3.3433326457939838E-02,  1.0000000000000000E+00,1.127944
8,"CURTOR", -1.7415932023179784E+05,  4.0746618339972008E+02, -1.7425000000000000E+05,0.222546
8,"AC(1)",  1.5023488846084236E+06,  6.6656370198850855E+04,  1.4360356000000001E+06,0.994853
8,"PHIEDGE",  5.3761720954882364E-01,  1.8986459911940579E-02,  5.1438600000000001E-01,1.223567
9,"PRES_SCALE",  1.0168523792438360E+00,  3.3198921405403967E-02,  1.0000000000000000E+00,0.507618
9,"CURTOR", -1.7414867350997854E+05,  4.0766175777946495E+02, -1.7425000000000000E+05,0.248555
9,"AC(1)",  1.4027524166883451E+06,  4.6943378657997229E+04,  1.4360356000000001E+06,-0.709007
9,"PHIEDGE",  5.2608755360941672E-01,  1.8865147370587726E-02,  5.1438600000000001E-01,0.620274
10,"PRES_SCALE",  9.2780034261290734E-01,  3.2016089363914736E-02,  1.0000000000000000E+00,-2.255105
10,"CURTOR", -1.7396599589817756E+05,  4.0644531704037325E+02, -1.7425000000000000E+05,0.698751
10,"AC(1)",  1.3769526350495208E+06,  4.2336228985813897E+04,  1.4360356000000001E+06,-1.395565
10,"PHIEDGE",  4.7438788056360337E-01,  1.8101429499174104E-02,  5.1438600000000001E-01,-2.209666
11,"PRES_SCALE",  1.0398659537573505E+00,  3.3609842814829698E-02,  1.0000000000000000E+00,1.186139
11,"CURTOR", -1.7405542938282795E+05,  4.0692829662741053E+02, -1.7425000000000000E+05,0.478145
11,"AC(1)",  1.5641197135522524E+06,  8.0589598202594338E+04,  1.4360356000000001E+06,1.589338
11,"PHIEDGE",  5.3152414800402137E-01,  1.8833226798788839E-02,  5.1438600000000001E-01,0.909995
12,"PRES_SCALE",  9.8182680955927815E-01,  3.2722037342013663E-02,  1.0000000000000000E+00,-0.555381
12,"CURTOR", -1.7407450737921768E+05,  4.0717928383184443E+02, -1.7425000000000000E+05,0.430996
12,"AC(1)",  1.4157857317683809E+06,  4.9282965547495129E+04,  1.4360356000000001E+06,-0.410890
12,"PHIEDGE",  5.0771134814004137E-01,  1.8628500650578264E-02,  5.1438600000000001E-01,-0.358303
13,"PRES_SCALE",  9.3544441458193717E-01,  3.2093905030779281E-02,  1.0000000000000000E+00,-2.011459
13,"CURTOR", -1.7391820038161744E+05,  4.0662316837983150E+02, -1.7425000000000000E+05,0.815988
13,"AC(1)",  1.3874008371583030E+06,  4.4163668413769410E+04,  1.4360356000000001E+06,-1.101239
13,"PHIEDGE",  4.8096297621171513E-01,  1.8231944443197270E-02,  5.1438600000000001E-01,-1.833212
14,"PRES_SCALE",  9.5924602294348815E-01,  3.2403011456152861E-02,  1.0000000000000000E+00,-1.257722
14,"CURTOR", -1.7363676086194121E+05,  4.0742995897617067E+02, -1.7425000000000000E+05,1.505140
14,"AC(1)",  1.3462699604478097E+06,  3.7362943464289470E+04,  1.4360356000000001E+06,-2.402531
14,"PHIEDGE",  4.9775344267108845E-01,  1.8543523181417852E-02,  5.1438600000000001E-01,-0.896947
15,"PRES_SCALE",  1.0096781559543846E+00,  3.3322198039784319E-02,  1.0000000000000000E+00,0.290442
15,"CURTOR", -1.7460524544392008E+05,  4.0631293760672173E+02, -1.7425000000000000E+05,-0.874315
15,"AC(1)",  1.5307959257099391E+06,  7.2570002789706967E+04,  1.4360356000000001E+06,1.305778
15,"PHIEDGE",  5.0858475945790105E-01,  1.8454195205123206E-02,  5.1438600000000001E-01,-0.314359
16,"PRES_SCALE",  9.8378989258025340E-01,  3.2859316935368602E-02,  1.0000000000000000E+00,-0.493318
16,"CURTOR", -1.7412255104022985E+05,  4.0695850981165137E+02, -1.7425000000000000E+05,0.313174
16,"AC(1)",  1.4072573545948456E+06,  4.7693959628554134E+04,  1.4360356000000001E+06,-0.603394
16,"PHIEDGE",  5.0298949010950800E-01,  1.8501435522931157E-02,  5.1438600000000001E-01,-0.615980
17,"PRES_SCALE",  9.6093965668593928E-01,  3.2468266398846764E-02,  1.0000000000000000E+00,-1.203031
17,"CURTOR", -1.7393460391619144E+05,  4.0687902302177861E+02, -1.7425000000000000E+05,0.775159
17,"AC(1)",  1.4030929641110203E+06,  4.6972468428589651E+04,  1.4360356000000001E+06,-0.701318
17,"PHIEDGE",  4.9464144948047373E-01,  1.8429541430658489E-02,  5.1438600000000001E-01,-1.071353
18,"PRES_SCALE",  9.9363199911170441E-01,  3.2896473053528955E-02,  1.0000000000000000E+00,-0.193577
18,"CURTOR", -1.7450455229017415E+05,  4.0671402250115062E+02, -1.7425000000000000E+05,-0.625875
18,"AC(1)",  1.5233688744010522E+06,  7.0976606712323293E+04,  1.4360356000000001E+06,1.230452
18,"PHIEDGE",  5.1135275155048898E-01,  1.8620228967036814E-02,  5.1438600000000001E-01,-0.162901
19,"PRES_SCALE",  9.8190888480789673E-01,  3.2690964640801012E-02,  1.0000000000000000E+00,-0.553398
19,"CURTOR", -1.7446480528231183E+05,  4.0726434274281553E+02, -1.7425000000000000E+05,-0.527435
19,"AC(1)",  1.4118367026312703E+06,  4.8448837460397124E+04,  1.4360356000000001E+06,-0.499473
19,"PHIEDGE",  5.0889121552271699E-01,  1.8655892836788351E-02,  5.1438600000000001E-01,-0.294533
20,"PRES_SCALE",  1.0090168580529379E+00,  3.3123145443799532E-02,  1.0000000000000000E+00,0.272222
20,"CURTOR", -1.7393702392589932E+05,  4.0753111941210761E+02, -1.7425000000000000E+05,0.767981
20,"AC(1)",  1.4010352046510677E+06,  4.6675671384987945E+04,  1.4360356000000001E+06,-0.749864
20,"PHIEDGE",  5.2097464847436803E-01,  1.8793423070430679E-02,  5.1438600000000001E-01,0.350583
